назва,широта,довгота,тип,область,населення
Київ,50.4500336,30.5241361,місто,,2952301
Харків,49.9923181,36.2310146,місто,,1447652
Дніпро,48.4680221,35.0417711,місто,,1080486
Одеса,46.4843023,30.7322878,місто,,1008852
Донецьк,48.0158753,37.8013407,місто,,929063
Львів,49.841952,24.0315921,місто,,724822
Запоріжжя,47.8507859,35.1182867,місто,,706116
Кривий Ріг,47.9102734,33.3917703,місто,,656700
Миколаїв,46.9758615,31.9939666,місто,,480080
Севастополь,44.6054434,33.5220842,місто,Севастополь,458253
Маріуполь,47.0957648,37.5499621,місто,,453623
Луганськ,48.5717084,39.2973153,місто,,414509
Вінниця,49.2320162,28.467975,місто,,373302
Макіївка,48.0448144,37.9635093,місто,,347227
Сімферопіль,44.9475384,34.1139194,місто,Республика Крым,341799
Сімферополь,44.9521459,34.1024858,місто,,340540
Полтава,49.5897423,34.5507948,місто,,297600
Херсон,46.6401295,32.6143922,місто,,294941
Чернігів,51.494099,31.294332,місто,,293969
Горлівка,48.3058686,38.0027664,місто,,289872
Черкаси,49.4447056,32.0588085,місто,,274343
Хмельницький,49.4196404,26.9793793,місто,,269308
Суми,50.9119775,34.8027723,місто,,267633
Житомир,50.2601065,28.6696281,місто,,267610
Чернівці,48.2864702,25.9376532,місто,,266650
Рівне,50.6196175,26.2513165,місто,,245323
Кам’янське,48.5167748,34.6068797,місто,,239237
Кропивницький,48.5105805,32.2656283,місто,,234712
Івано-Франківськ,48.9224763,24.710334,місто,,230929
Кременчук,49.0629553,33.403516,місто,,226400
Луцьк,50.7450733,25.320078,місто,,217502
Тернопіль,49.5557908,25.5923753,місто,,217326
Біла Церква,49.7969703,30.1158069,місто,,209815
Краматорськ,48.7389415,37.5843812,місто,,159445
Мелітополь,46.8467267,35.3827281,місто,,156917
Керч,45.3534002,36.4538645,місто,,151996
Самар,48.6358512,35.2595541,містечко,,124787
Нікополь,47.5692061,34.3917272,місто,,119939
Бердянськ,46.755678,36.7887623,місто,,116450
Ужгород,48.6223731,22.3022572,місто,,114867
Слов’янськ,48.8522691,37.6058241,місто,,114437
Алчевськ,48.4701987,38.8010178,місто,,112013
Сіверськодонецьк,48.9478698,38.4936475,місто,,110612
Павлоград,48.5316759,35.8703695,місто,,110609
Євпаторія,45.1907635,33.3679049,місто,,108149
Бровари,50.5111168,30.7900482,місто,,107384
Лисичанськ,48.917267,38.4285981,місто,,105682
Кам’янець-Подільський,48.6781294,26.5854027,місто,,101235
Конотоп,51.2397495,33.206675,містечко,,87881
Умань,48.7497621,30.2203052,містечко,,86614
Єнакієве,48.2305107,38.185045,містечко,,85663
Мукачево,48.4421119,22.7185408,містечко,,85569
Хрустальний,48.1351471,38.9198948,містечко,,84036
Бахмут,48.5894123,38.0020994,містечко,,83146
Ровеньки,48.0897987,39.368029,містечко,,81103
Шостка,51.864355,33.4728542,містечко,,79611
Олександрія,48.670609,33.1169742,містечко,,79289
Кадіївка,48.5595971,38.6499847,містечко,,79010
Бердичів,49.8940442,28.5814912,містечко,,78774
Костянтинівка,48.534859,37.6923705,містечко,,78179
Дрогобич,49.3513996,23.5061662,містечко,,74610
Ізмаїл,45.3511307,28.8361514,містечко,,74421
Ніжин,51.0464747,31.8806289,містечко,,74058
Лозова,48.8842428,36.3160254,містечко,,71500
Ковель,51.2120538,24.708894,містечко,,68703
Сміла,49.2336897,31.8829216,містечко,,68520
Шептицький,50.3940289,24.2396098,містечко,,68308
Феодосія,45.033669,35.3753628,містечко,,67750
Калуш,49.028894,24.3613198,містечко,,67559
Первомайськ,48.045745,30.8475997,містечко,,66965
Довжанськ,48.0811324,39.642561,містечко,,65868
Коростень,50.9491068,28.6417552,містечко,,65643
Покровськ,48.2771086,37.1772482,містечко,,63635
Коломия,48.5259211,25.0380538,містечко,,61286
Рубіжне,49.0329045,38.3725819,містечко,,60721
Дружківка,48.6198614,37.524945,містечко,,60581
Харцизьк,48.0339524,38.149804,містечко,,60016
Шахтарськ,48.0550423,38.4459474,містечко,,60000
Стрий,49.255875,23.8530863,містечко,,59488
Чорноморськ,46.3020943,30.653466,містечко,,59229
Прилуки,50.5950864,32.3866658,містечко,,58890
Куп’янськ,49.7132963,37.6141992,містечко,,58306
Бориспіль,50.3512101,30.95077,містечко,,58227
Нововолинськ,50.7224829,24.1648399,містечко,,57900
Звягель,50.5917622,27.6066973,містечко,,56254
Чистяковe,48.0261217,38.618137,містечко,,55924
Антрацит,48.1164285,39.0886375,містечко,,55441
Енергодар,47.4900575,34.6602709,містечко,,54658
Ізюм,49.1913721,37.2784125,містечко,,51872
Горішні Плавні,49.0140647,33.6330875,містечко,,51800
Фастів,50.0799307,29.9162821,містечко,,50517
Білгород-Дністровський,46.1909823,30.345784,містечко,,50296
Мирноград,48.30791,37.2591,містечко,,49644
Охтирка,50.3115386,34.8868923,містечко,,49091
Марганець,47.6490555,34.649194,містечко,,48739
Жовті Води,48.3465174,33.5027797,містечко,,48620
Брянка,48.50361,38.66432,містечко,,48509
Нова Каховка,46.7583404,33.3566678,містечко,,48298
Лубни,50.0118206,33.0030821,містечко,,47845
Сніжне,48.0220754,38.7634612,містечко,,46377
Сорокине,48.2951425,39.7296737,містечко,,44840
Шепетівка,50.1809437,27.0651783,містечко,,43512
Ромни,50.74207,33.4877,містечко,,43344
Вараш,51.3481736,25.8500623,містечко,,43302
Світловодськ,49.04537,33.20721,містечко,,43130
Покров,47.6546589,34.1149341,містечко,,41894
Ірпінь,50.5206777,30.2448725,містечко,,41533
Миргород,49.9658333,33.6113889,містечко,,41200
Подільськ,47.7497422,29.5304957,містечко,,40668
Південноукраїнськ,47.824269,31.1786814,містечко,,40206
Вишневе,50.3917497,30.3678999,містечко,,39094
Сокологірськ,48.6252414,38.5372813,містечко,,38801
Володимир,50.8474669,24.319319,містечко,,38800
Дубно,50.4187918,25.7455972,містечко,,38037
Васильків,50.178137,30.3175045,містечко,,37495
Каховка,46.8054626,33.4817825,містечко,,37409
Джанкой,45.7119746,34.3927394,містечко,,37014
Нетішин,50.3338348,26.6496599,містечко,,36497
Торецьк,48.3970469,37.8501378,містечко,,36324
Ясинувата,48.1270606,37.8590172,містечко,,35856
Глухів,51.67831,33.9093,містечко,,35800
Боярка,50.3356709,30.2847595,містечко,,35558
Жмеринка,49.0354593,28.1147317,містечко,,35513
Славута,50.2962398,26.8658254,містечко,,35506
Старокостянтинів,49.756163,27.2087889,містечко,,35016
Самбір,49.5182214,23.1970412,містечко,,34823
Вознесенськ,47.5679582,31.3338636,містечко,,34404
Токмак,47.2550191,35.7092206,містечко,,33153
Борислав,49.2824381,23.4138765,містечко,,32913
Обухів,50.1101633,30.6269696,містечко,,32615
Могилів-Подільський,48.442544,27.7991124,містечко,,32468
Чугуїв,49.836626,36.6899391,містечко,,32290
Балаклія,49.4521336,36.8397826,містечко,,32117
Добропілля,48.4683035,37.0903243,містечко,,31701
Синельникове,48.3269304,35.5246984,містечко,,31552
Златопіль,49.3754529,36.2143454,містечко,,31275
Костопіль,50.8792198,26.4533981,містечко,,31159
Новояворівськ,49.9316152,23.5661291,містечко,,30271
Яни Капу,45.9568404,33.7974907,містечко,,30033
Красноперекопськ,45.9567395,33.8179305,містечко,,30033
Шахтарське,48.3505864,36.402296,містечко,,29173
Тернівка,48.522139,36.0713859,містечко,,29066
Алушта,44.677112,34.4095393,містечко,,28672
Сарни,51.3350028,26.6171275,містечко,,28604
Новий Розділ,49.4696071,24.1386133,містечко,,28530
Трускавець,49.2782012,23.5059668,містечко,,28474
Золотоноша,49.6689719,32.0427439,містечко,,28464
Хуст,48.1764917,23.291166,містечко,,28438
Хмільник,49.556175,27.9491205,містечко,,28273
Чортків,49.0160555,25.7925191,містечко,,28249
Переяслав,50.0643984,31.4447327,містечко,,27975
Берестин,49.3741326,35.4494234,містечко,,27600
Буча,50.5503127,30.2106925,містечко,,27460
Вишгород,50.5824332,30.485121,містечко,,27251
Хрестівка,48.1456309,38.3545249,містечко,,27016
Малин,50.7677902,29.2414346,містечко,,27010
Дебальцеве,48.3396839,38.3999096,містечко,,26255
Лебедин,50.5814148,34.4761301,містечко,,26244
Бахчисарай,44.7522963,33.8534782,містечко,,26215
Перевальськ,48.4374196,38.8077656,містечко,,26132
Коростишів,50.3201518,29.0584885,містечко,,25768
Гайсин,48.8120874,29.3893874,містечко,,25711
Люботин,49.9435604,35.9185185,містечко,,25700
Виноградів,48.140417,23.0360182,містечко,,25481
Козятин,49.7195867,28.8354279,містечко,,25386
Сокаль,50.4791313,24.2770538,містечко,,25145
Мерефа,49.8183386,36.0628675,містечко,,25135
Олешки,46.6260908,32.7220187,містечко,,24639
Берегове,48.2050985,22.6453246,містечко,,24580
Здолбунів,50.518994,26.2431096,містечко,,24537
Славутич,51.5201397,30.7562301,містечко,,24492
Селидове,48.15015,37.3018921,містечко,,24366
Знам’янка,48.7199609,32.6659476,містечко,,24274
Саки,45.1319466,33.6001281,містечко,,24156
Канів,49.7551031,31.4610802,містечко,,23835
Вільногірськ,48.49365,34.02328,містечко,,23795
Гадяч,50.3701299,33.9950534,містечко,,23790
Броди,50.0833041,25.1437921,містечко,,23752
Докучаєвськ,47.7499257,37.6715943,містечко,,23726
Кролевець,51.5548654,33.3875984,містечко,,23685
Отаманівка,48.3459067,39.6524188,містечко,,23580
Волноваха,47.6014517,37.4934079,містечко,,23442
Лиман,48.9801314,37.8168012,містечко,,23307
Ладижин,48.6810505,29.2567642,містечко,,22459
Попасна,48.6322687,38.3777033,містечко,,22211
Полонне,50.1193439,27.5089702,містечко,,21999
Надвірна,48.6335887,24.5684038,містечко,,21930
Кременець,50.0960966,25.7260783,містечко,,21624
Тростянець,50.48046,34.96467,містечко,,21583
Суходільськ,48.35323,39.72484,містечко,,21324
Кілія,45.4409767,29.2652788,містечко,,20829
Ківшарівка,49.6295221,37.6840775,містечко,,20729
Армянськ,46.113261,33.6904091,містечко,,20692
Яготин,50.2758913,31.7634861,містечко,,20569
Долина,48.9782308,23.9789588,містечко,,20453
Стебник,49.2940892,23.5646648,містечко,,20398
Курахове,47.9835214,37.2826414,містечко,,20224
Пологи,47.4784803,36.2531412,містечко,,20223
Дергачі,50.1070567,36.1205802,містечко,,20196
Кремінна,49.0463189,38.2178525,містечко,,20137
Красилів,49.6544431,26.9709084,містечко,,19761
Волочиськ,49.5358446,26.2126215,містечко,,19723
Дніпрорудне,47.3899205,35.0028481,містечко,,19720
Рені,45.455413,28.2790948,містечко,,19488
Богодухів,50.1601711,35.5220539,містечко,,19365
Балта,47.9363162,29.6225979,містечко,,19353
Долинська,48.1164313,32.7638204,містечко,,19319
Генічеськ,46.1661695,34.8088828,містечко,,19253
Амвросіївка,47.7952806,38.4798317,містечко,,19238
Білопілля,51.1460449,34.3121992,містечко,,19200
Скадовськ,46.1203932,32.910339,містечко,,19073
П’ятихатки,48.4124572,33.7056731,містечко,,18981
Бахмач,51.1826768,32.8291034,містечко,,18798
Старобільськ,49.2822424,38.897386,містечко,,18796
Вовчанськ,50.2928843,36.9370028,містечко,,18617
Зугрес,48.0181156,38.2699093,містечко,,18554
Сватове,49.4176663,38.1456729,містечко,,18417
Корсунь-Шевченківський,49.418037,31.2556741,містечко,,18266
Звенигородка,49.0767158,30.96138,містечко,,18219
Білогірськ,45.0584385,34.594959,містечко,,18208
Бережани,49.4450296,24.938854,містечко,,18116
Шпола,49.0132605,31.393139,містечко,,18112
Лутугине,48.4008342,39.1981259,містечко,,18107
Сквира,49.7337685,29.6624138,містечко,,18000
Новоукраїнка,48.3250616,31.522047,містечко,,17945
Пелагіївка,48.09282,38.60887,містечко,,17891
Карлівка,49.4537175,35.1374845,містечко,,17849
Багачеве,49.0172494,31.0618502,містечко,,17805
Пісочин,49.9622881,36.1239316,містечко,,17801
Підгородне,48.5681471,35.1013002,містечко,,17778
Винники,49.8168013,24.1381342,містечко,,17642
Роздільна,46.8546716,30.0711363,містечко,,17593
Новогродівка,48.1997174,37.3399704,містечко,,17473
Кобеляки,49.1433333,34.2002778,містечко,,17350
Ізяслав,50.1194691,26.8207625,містечко,,17203
Зміїв,49.7019133,36.3633323,містечко,,16976
Свалява,48.5460735,22.9895489,містечко,,16871
Богуслав,49.54765,30.8733,містечко,,16810
Катеринівка,48.558956,39.1902159,містечко,,16723
Овруч,51.3259771,28.8026718,містечко,,16681
Верхньодніпровськ,48.6541915,34.3347779,містечко,,16680
Пирятин,50.2363032,32.5010494,містечко,,16600
Березань,50.3132713,31.4689158,містечко,,16559
Путивль,51.3359821,33.8715451,містечко,,16361
Білозерське,48.53313,37.05791,містечко,,16251
Дунаївці,48.886649,26.8476798,містечко,,16147
Іловайськ,47.9248328,38.1976205,містечко,,16143
Красногорівка,48.01068,37.50449,містечко,,16003
Вільнянськ,47.9433,35.43159,містечко,,15901
Миколаївка,48.8610868,37.7619191,містечко,,15847
Вознесенівка,48.07617,39.7736,містечко,,15843
Слобожанське,49.5989864,36.5242153,містечко,,15825
Городок,49.784596,23.6465626,містечко,,15825
Новий Буг,47.6933814,32.5106596,містечко,,15686
Тульчин,48.6730485,28.8569476,містечко,,15631
Бар,49.077621,27.6813781,містечко,,15563
Оріхів,47.5754426,35.7855471,містечко,,15544
Острог,50.329021,26.5203627,містечко,,15528
Вугледар,47.7809924,37.2460771,містечко,,15486
Болград,45.6779137,28.6132404,містечко,,15479
Бурштин,49.2621603,24.6159932,містечко,,15348
Українка,50.1537167,30.7420742,містечко,,15338
Судак,44.8488369,34.971099,містечко,,15300
Арциз,45.9962017,29.431517,містечко,,15229
Гайворон,48.3370533,29.868633,містечко,,15214
Рахів,48.0556765,24.2057063,містечко,,15137
Коцюбинське,50.4904717,30.3337903,містечко,,15038
Радомишль,50.4961812,29.2289588,містечко,,15003
Золоте,48.6901104,38.5121584,містечко,,14974
Ківерці,50.8333448,25.4648622,містечко,Волинська область,14916
Приморський,45.1191428,35.4815631,містечко,,14860
Очаків,46.6145957,31.5452994,містечко,,14834
Миколаїв,49.5253714,23.9788155,містечко,,14824
Корюківка,51.7744549,32.2512927,містечко,,14805
Гола Пристань,46.5320381,32.5345028,містечко,,14755
Хорол,49.7822104,33.2740646,містечко,,14643
Бунге,48.2213624,38.2875306,містечко,,14570
Гуляйполе,47.6655382,36.2656849,містечко,,14556
Апостолове,47.6617478,33.7180001,містечко,,14513
Сторожинець,48.1629489,25.7207993,містечко,,14508
Городище,49.2903792,31.4446702,містечко,,14480
Чигирин,49.0775098,32.6664089,містечко,,14440
Тальне,48.8889723,30.6980137,містечко,,14420
Деражня,49.2688322,27.4327085,містечко,,14381
Жашків,49.2478012,30.1066179,містечко,,14368
Часів Яр,48.5873911,37.8373367,містечко,,14360
Гостомель,50.58826,30.25909,містечко,,14268
Носівка,50.9377744,31.5812258,містечко,,14185
Василівка,47.4431859,35.2803026,містечко,,14134
Зеленодольськ,47.5668051,33.6474574,містечко,,14134
Високий,49.8911681,36.1286649,містечко,,14107
Новгород-Сіверський,52.004259,33.2779899,містечко,,14025
Нижня Кринка,48.1137043,38.1665891,містечко,,13956
Збараж,49.6607393,25.7768485,містечко,,13915
Жовква,50.056134,23.9711967,містечко,,13852
Теребовля,49.2960742,25.692491,містечко,,13769
Кагарлик,49.8650658,30.8226786,містечко,,13682
Кам’янка-Дніпровська,47.4900938,34.4109101,містечко,,13653
Нова Водолага,49.7181212,35.8601594,містечко,,13538
Петрово-Красносілля,48.29418,38.86619,містечко,,13500
Берислав,46.8357749,33.416743,містечко,,13457
Ширяєве,47.3843482,30.1895219,містечко,,13455
Снігурівка,47.070721,32.7924643,містечко,,13454
Рожище,50.916332,25.2712543,містечко,,13441
Березне,51.0035653,26.7524487,містечко,,13390
Тетіїв,49.3686166,29.6771098,містечко,,13235
Бершадь,48.36594,29.51889,містечко,,13223
Солоницівка,49.9986529,36.0426856,містечко,,13153
Щастя,48.737653,39.2350478,містечко,,13105
Станиця Луганська,48.6429638,39.4956573,містечко,,13089
Лиманка,46.3731032,30.690874,містечко,,13085
Великодолинське,46.3467158,30.5759542,містечко,,13036
Жданівка,48.1570316,38.2565049,містечко,,12985
Бородянка,50.6437677,29.9278296,містечко,,12980
Кам’янка,49.0401185,32.1008691,містечко,,12956
Яворів,49.9456001,23.3886319,містечко,,12948
Глобине,49.392047,33.2507308,містечко,,12801
Антонівка,46.6766197,32.7310644,містечко,,12790
Городня,51.8915393,31.595545,містечко,,12766
Баштанка,47.4033486,32.4388921,містечко,,12696
Гвардійське,45.1157294,34.0239034,містечко,,12660
Гнівань,49.0933696,28.338343,містечко,,12592
Бучач,49.0630503,25.389969,містечко,,12514
Перегінське,48.8115525,24.1938558,містечко,,12486
Мена,51.52279,32.21638,містечко,,12425
Нова Одеса,47.310996,31.7739735,містечко,,12410
Сіверськ,48.8676267,38.0902435,містечко,,12392
Лохвиця,50.3595181,33.2741725,містечко,,12307
Котельва,50.0669582,34.7613681,містечко,,12300
Світлодарськ,48.43803,38.22349,містечко,,12273
Біляївка,46.4844245,30.2120913,містечко,,12213
Боково-Хрустальне,48.1499941,38.8182126,містечко,,12197
Приморськ,46.7343149,36.3472151,містечко,,12183
Узин,49.8284745,30.4197205,містечко,,12166
Українськ,48.09471,37.35866,містечко,,12161
Заставна,48.5235845,25.8455783,містечко,,12159
Баранівка,50.29369,27.66666,містечко,,12128
Якимівка,46.69636,35.15522,містечко,,12001
Миронівка,49.6583412,30.9824887,містечко,,11999
Родинське,48.3536652,37.2034069,містечко,,11996
Новоазовськ,47.1138718,38.0830911,містечко,,11950
Інкерман,44.6181043,33.6043271,містечко,,11918
Кальміуське,47.6687951,38.0739208,містечко,,11909
Соледар,48.6956698,38.0671791,містечко,,11898
Васильківка,48.21041,36.03035,містечко,,11885
Гірник,48.0567943,37.3723976,містечко,,11822
Ічня,50.8623444,32.3910144,містечко,,11781
Камінь-Каширський,51.6271153,24.961357,містечко,,11756
Овідіополь,46.2473734,30.4448614,містечко,,11741
Новомиргород,48.7969701,31.6523837,містечко,,11677
Покровське,47.9808528,36.2333808,містечко,,11661
Соснівка,50.2909116,24.2563161,містечко,,11588
Тараща,49.555498,30.5023421,містечко,,11572
Гребінка,50.1206044,32.4289258,містечко,,11562
Біюк-Онлар,45.2931604,34.128563,містечко,,11489
Сновськ,51.8187527,31.9448953,містечко,,11393
Іллінці,49.1136358,29.2024356,містечко,,11340
Гаспра,44.4356415,34.1027932,містечко,,11313
Борщів,48.8025557,26.0401871,містечко,,11273
Мала Виска,48.6404935,31.634205,містечко,,11269
Бобровиця,50.7415033,31.3860852,містечко,,11244
Щолкіне,45.4291446,35.8222792,містечко,,11231
Широке,47.6846511,33.2645369,містечко,,11221
Жидачів,49.3831172,24.1426813,містечко,,11204
Гресівський,45.0101779,34.0264874,містечко,,11139
Веселе,47.0179164,34.9211323,містечко,,11098
Таврійськ,46.7550442,33.4248309,містечко,,11051
Мостиська,49.79235,23.147933,містечко,,11000
Баришівка,50.3645295,31.3256722,містечко,,10950
Нью-Йорк,48.3320198,37.8365875,містечко,,10948
Бобринець,48.05729,32.15938,містечко,,10945
Кам’янка-Бузька,50.104744,24.3452815,містечко,,10921
Татарбунари,45.8398696,29.6166537,містечко,,10881
Дубляни,49.9026751,24.0876223,містечко,,10795
Сартана,47.1701321,37.6952892,містечко,,10772
Болехів,49.0663203,23.8598949,містечко,,10766
Моспине,47.8813092,38.0746792,містечко,,10753
Курман,45.4959593,34.2950929,містечко,,10742
Новодністровськ,48.58485,27.4311004,містечко,,10701
Барвінкове,48.9035037,37.025111,містечко,,10700
Іванків,50.93301,29.9042867,містечко,,10602
Летичів,49.38286,27.62306,містечко,,10577
Маневичі,51.2908106,25.537878,містечко,,10500
Радивилів,50.1279775,25.2487069,містечко,,10487
Добротвір,50.2057172,24.3857048,містечко,,10457
Зіньків,50.21026,34.35768,містечко,,10393
Макарів,50.4639897,29.8068986,містечко,,10389
Ірміно,48.6013803,38.6018666,містечко,,10355
Північне,48.3866143,37.9018986,містечко,,10330
Гірське,48.7398863,38.4959612,містечко,,10317
Валки,49.8305999,35.6088208,містечко,,10295
Олевськ,51.22272,27.64881,містечко,,10229
Снятин,48.4523142,25.5518046,містечко,,10161
Перещепине,49.01825,35.35915,містечко,,10150
Зимогір’я,48.5782151,38.9451299,містечко,,10148
Верхівцеве,48.48404,34.24232,містечко,,10134
Любомль,51.2234546,24.0315783,містечко,,10129
Теплодар,46.5050729,30.3272329,містечко,,10081
Новоолексіївка,46.2277494,34.6413868,містечко,,10080
Чаплинка,46.3617756,33.5380219,містечко,,10021
Софіївка,48.270333,38.144668,містечко,,10013
Погребище,49.4848166,29.2579157,містечко,,10013
Мар’їнка,47.9401242,37.5022312,містечко,,9978
Ічкі,45.3458907,34.9235341,містечко,,9947
Айдар,49.5383615,39.1022062,містечко,,9900
Ходорів,49.4065802,24.3140241,містечко,,9900
Донець,49.5092289,36.569621,містечко,,9883
Сєверне,48.0829812,38.6855636,містечко,,9868
Золочів,50.2790531,35.9824347,містечко,,9860
Білозерка,46.63078,32.44537,містечко,,9804
Ворожба,51.1722411,34.2245008,містечко,,9800
Куп’янськ-Вузловий,49.6604953,37.6439202,містечко,,9789
Смоліне,48.6014602,31.2957107,містечко,,9745
Красноїльськ,48.0182168,25.5998844,містечко,,9738
Черняхів,50.45299,28.66573,містечко,,9726
Безлюдівка,49.87072,36.29848,містечко,,9693
Тисмениця,48.9018102,24.8484719,містечко,,9618
Дубове,48.17917,23.88599,містечко,,9591
Велика Димерка,50.5913563,30.9016229,містечко,,9564
Нижньогірський,45.4430256,34.7384352,містечко,,9564
Млинів,50.5118774,25.6126259,містечко,,9564
Біленьке,48.7592059,37.6177633,містечко,,9551
Міжгір’я,48.5281184,23.5009289,містечко,,9549
Сокиряни,48.4460307,27.411193,містечко,,9538
Покотилівка,49.9161047,36.1804499,містечко,,9536
Каланчак,46.257184,33.2843632,містечко,,9518
Ратне,51.67145,24.52458,містечко,,9483
Радехів,50.2808744,24.6397908,містечко,,9463
Борзна,51.2534475,32.4263156,містечко,,9454
Дубровиця,51.5709462,26.5660889,містечко,,9430
Любашівка,47.8315678,30.2562335,містечко,,9429
Городенка,48.6720598,25.4952722,містечко,,9428
Заліщики,48.6536489,25.7310915,містечко,,9426
Хотин,48.5068418,26.4859086,містечко,,9422
Помічна,48.243309,31.4037217,містечко,,9412
Козова,49.4332743,25.1484661,містечко,,9389
Глибока,48.08578,25.92842,містечко,,9376
Великий Бичків,47.973549,24.0147396,містечко,,9367
Ананьїв,47.7161562,29.9634987,містечко,,9355
Новий Світ,47.8066532,38.0211415,містечко,,9329
Решетилівка,49.5586111,34.0791667,містечко,,9297
Горохів,50.4986166,24.7600734,містечко,,9186
Тячів,48.01163,23.5783799,містечко,,9184
Іршава,48.31924,23.0417599,містечко,,9166
Андрушівка,50.0301392,29.0222111,містечко,,9092
Гурзуф,44.5479215,34.2736976,містечко,,9068
Крижопіль,48.38568,28.86941,містечко,,9024
Ясенівський,48.1561105,39.2064734,містечко,,9017
Пустомити,49.7189582,23.9047288,містечко,,9016
Королево,48.1541387,23.1322333,містечко,,8993
Чоп,48.4313665,22.2063694,містечко,,8981
Солотвино,47.9470202,23.8747013,містечко,,8977
Успенка,48.3937544,39.1568338,містечко,,8974
Кодима,48.1047445,29.1285642,містечко,,8932
Краснопілля,50.7712539,35.2563391,містечко,,8905
Стрижавка,49.3097584,28.4730593,містечко,,8869
Липовець,49.2296415,29.0642148,містечко,,8867
Володимирець,51.4197839,26.1392078,містечко,,8857
Тлумач,48.8665866,25.0011978,містечко,,8841
Буринь,51.1960431,33.8288042,містечко,,8787
Білицьке,48.4078477,37.176481,містечко,,8768
Заводське,50.4052959,33.3973661,містечко,,8700
Ланівці,49.8734191,26.0780148,містечко,,8682
Глеваха,50.259673,30.3059171,містечко,,8679
Христинівка,48.812969,29.9677872,містечко,,8671
Врадіївка,47.8594344,30.5891291,містечко,,8669
Нове,48.5293378,32.1245383,містечко,,8653
Буштино,48.0486521,23.4862834,містечко,,8634
Сахновщина,49.1517351,35.875332,містечко,,8625
Новоайдар,48.9596084,38.9937733,містечко,,8622
Любимівка,48.0480279,39.4527482,містечко,,8599
Маньківка,48.9634119,30.3342681,містечко,,8596
Вилкове,45.40306,29.58309,містечко,,8570
Микільське,47.2004406,37.3162144,містечко,,8539
Варва,50.4982561,32.7228573,містечко,,8518
Алупка,44.4204046,34.0483715,містечко,,8497
Яворницьке,48.4043673,35.275539,містечко,,8495
Диканька,49.8227778,34.5386111,містечко,,8468
Косів,48.315802,25.0983417,містечко,,8456
Семенівка,52.17853,32.57755,містечко,,8450
Монастирище,48.9944069,29.8007253,містечко,,8425
Масандра,44.5087776,34.1886781,містечко,,8413
Буськ,49.965355,24.6089531,містечко,,8355
Мангуш,47.0568106,37.3078191,містечко,,8331
Рава-Руська,50.230654,23.6240014,містечко,,8328
Біловодськ,49.2068078,39.5911619,містечко,,8313
Вишково,48.0460598,23.4277425,містечко,,8312
Ясногірка,48.7786606,37.5536569,містечко,,8312
Ясіня,48.2722802,24.3611884,містечко,,8308
Борова,50.1699295,30.1033125,містечко,,8300
Обухівка,48.5495226,34.8545508,містечко,,8266
Козелець,50.9160647,31.1167509,містечко,,8251
Вуглегірськ,48.3119524,38.2609048,містечко,,8226
Лисянка,49.2526497,30.8275126,містечко,,8206
Делятин,48.5277174,24.6286388,містечко,,8184
Кушугум,47.71671,35.20981,містечко,,8176
Нові Санжари,49.3338321,34.3148631,містечко,,8146
Квасилів,50.5582459,26.2623998,містечко,,8117
Миронівський,48.4620526,38.2754689,містечко,,8100
Рогатин,49.4092703,24.6105811,містечко,,8097
Слов’яносербськ,48.6946569,38.9862564,містечко,,8065
Межова,48.2553506,36.7322839,містечко,,8049
Яремче,48.4504129,24.550955,містечко,,8047
Пантелеймонівка,48.2071448,37.9729054,містечко,,8009
Краснокутськ,50.0625892,35.1647821,містечко,,8008
Градизьк,49.2311773,33.1206291,містечко,,8002
Підволочиськ,49.531358,26.1440799,містечко,,8002
Троїцьке,49.9074486,38.2868192,містечко,,7975
Криве Озеро,47.9532217,30.3425878,містечко,,7958
Ярмолинці,49.1893102,26.8268091,містечко,,7954
Ланчин,48.5554737,24.7523396,містечко,,7938
Єди-Кую,45.297284,35.7758985,містечко,,7936
Богородчани,48.8092602,24.5456201,містечко,,7916
Привілля,48.99971,38.30109,містечко,,7901
Новоселиця,48.2179594,26.2664831,містечко,,7892
Вапнярка,48.5312383,28.7468189,містечко,,7891
Новодружеськ,48.963397,38.3519615,містечко,,7870
Почаїв,50.0017638,25.5110926,містечко,,7842
Царичанка,48.9434,34.48986,містечко,,7839
Велика Лепетиха,47.178599,33.9428266,містечко,,7830
Краснопавлівка,49.14596,36.3275358,містечко,,7828
Романів,50.1476608,27.9313692,містечко,,7800
Свеса,51.94816,33.93299,містечко,,7758
Олексієво-Дружківка,48.5785754,37.6044657,містечко,,7746
Берегомет,48.1630737,25.309861,містечко,,7741
Малинівка,49.8006602,36.7180703,містечко,,7725
Власівка,49.1161177,33.2791833,містечко,,7724
Клевань,50.7464848,26.006327,містечко,,7708
Березнегувате,47.308722,32.8486739,містечко,,7676
Вороніж,51.7778331,33.4660287,містечко,,7652
Тересва,47.9978901,23.6995699,містечко,,7625
Кипуче,48.4387871,38.7214859,містечко,,7616
Чорнобай,49.6703659,32.3233563,містечко,,7573
Солоне,48.20423,34.87713,містечко,,7567
Ржищів,49.96822,31.04118,містечко,,7564
Десна,50.9247792,30.7729799,містечко,,7562
Кельменці,48.4654946,26.8318791,містечко,,7552
Сосниця,51.5244906,32.5028975,містечко,,7534
Зоринськ,48.41297,38.62793,містечко,,7532
Середина-Буда,52.1886906,34.0306022,містечко,,7500
Мала Данилівка,50.0561227,36.1706244,містечко,,7471
Понінка,50.19138,27.56126,містечко,,7464
Ріпки,51.8036433,31.0931453,містечко,,7458
Корець,50.6194566,27.159712,містечко,,7428
Хорошів,50.5959845,28.445337,містечко,,7382
Казанка,47.835215,32.8241797,містечко,,7343
Іванівка,48.23788,38.9352,містечко,,7333
Лиманівка,48.9356897,36.2778585,містечко,,7332
Бабаї,49.8914871,36.20253,містечко,,7304
Лиманське,46.6618481,29.9760782,містечко,,7301
Роздольне,45.7683327,33.489566,містечко,,7300
Нова Прага,48.5691102,32.9043787,містечко,,7273
Комишани,46.6363122,32.5030815,містечко,,7254
Вільшани,50.0513573,35.8839188,містечко,,7252
Велика Березовиця,49.5019863,25.6112886,містечко,,7249
Рудне,49.835938,23.8806617,містечко,,7244
Новоозерне,45.3837166,33.1170303,містечко,,7242
Петрове,48.3359844,33.2673999,містечко,,7224
Нова Маячка,46.5966167,33.2214167,містечко,,7181
Пересічне,50.0160055,35.9910899,містечко,,7176
Зборів,49.6645222,25.1386197,містечко,,7163
Молодіжне,45.00927,34.05659,містечко,Автономна Республіка Крим,7151
Гольмівський,48.4043865,38.0884035,містечко,,7127
Турка,49.1531436,23.0336345,містечко,,7114
Воловець,48.7146406,23.1888322,містечко,,7104
Гусятин,49.0707755,26.1996027,містечко,,7104
Шевченкове,49.6949729,37.1753112,містечко,,7100
Новотроїцьке,47.7167369,37.5817221,містечко,,7093
Молочанськ,47.20653,35.59742,містечко,,7090
Перемишляни,49.6693553,24.5584141,містечко,,7085
Великий Березний,48.88985,22.45812,містечко,,7078
Хоростків,49.2121531,25.9168525,містечко,,7067
Пісківка,50.6968561,29.5931036,містечко,,7030
Зуя,45.0548485,34.3225748,містечко,,7027
Кіровське,45.2334554,35.2041326,містечко,,7024
Іслям-Терек,45.2306487,35.201075,містечко,,7024
Буди,49.8915881,36.0238227,містечко,,7004
Старий Самбір,49.44406,23.0022677,містечко,,7000
Кіцмань,48.4410982,25.7667616,містечко,,6995
Ставище,49.3897213,30.1921389,містечко,,6974
Немішаєве,50.56801,30.1015029,містечко,,6968
Велика Олександрівка,47.3159392,33.2997671,містечко,,6966
Шаргород,48.7498267,28.08317,містечко,,6949
Білокуракине,49.52637,38.73539,містечко,,6944
Кріпенський,48.0819427,39.0626811,містечко,,6941
Копичинці,49.1068616,25.9085276,містечко,,6869
Доброслав,46.8193867,30.943207,містечко,,6863
Ємільчине,50.872091,27.8047443,містечко,,6842
Драбів,49.9571433,32.1410898,містечко,,6838
Савинці,49.3960266,37.0501991,містечко,,6830
Слатине,50.2091002,36.1571998,містечко,,6826
Рокитне,51.2681354,27.2214931,містечко,,6825
Чинадійово,48.5005201,22.84435,містечко,,6822
Приазовське,46.73,35.63896,містечко,,6818
Іваничі,50.6405719,24.3614426,містечко,,6784
Вінницькі Хутори,49.20467,28.55072,містечко,,6770
Теофіполь,49.84463,26.41525,містечко,,6763
Літин,49.3289764,28.0740254,містечко,,6751
Червоногригорівка,47.62161,34.52453,містечко,,6710
Олександрівськ,48.585751,39.1897675,містечко,,6709
Перечин,48.73707,22.48764,містечко,,6705
Володимирівка,47.7266739,37.405817,містечко,,6698
Іршанськ,50.7504379,28.721134,містечко,,6652
Саврань,48.1246576,30.0796984,містечко,,6616
Карнаухівка,48.47546,34.73843,містечко,,6597
Біле,48.4891062,39.0241451,містечко,,6593
Томаківка,47.8071544,34.7474529,містечко,,6559
Турбів,49.339939,28.7260729,містечко,,6558
Нововоронцовка,47.4957983,33.9198174,містечко,,6549
Теплик,48.6636,29.74686,містечко,,6544
Кегичівка,49.2862713,35.7694811,містечко,,6539
Новофедорівка,45.0943138,33.5752494,містечко,,6493
Магдалинівка,48.9145571,34.9291661,містечко,,6493
Віньківці,49.0347398,27.2320952,містечко,,6473
Вороновиця,49.1117881,28.6889425,містечко,,6466
Ладан,50.5135783,32.5877381,містечко,,6466
Георгіївка,48.4298552,39.2691313,містечко,,6465
Арбузинка,47.9076,31.31516,містечко,,6457
Новоархангельськ,48.6644983,30.8048464,містечко,,6453
Судова Вишня,49.7880934,23.3732553,містечко,,6434
Старобешеве,47.749822,38.0252111,містечко,,6424
Марківка,49.5239233,39.5682107,містечко,,6421
Володарка,49.5224979,29.9280475,містечко,,6395
Горностаївка,47.00706,33.7317445,містечко,,6388
Івано-Франкове,49.9220001,23.7311549,містечко,,6346
Билбасівка,48.8402826,37.5075495,містечко,,6310
Красне,49.9191973,24.6152885,містечко,,6308
Галич,49.123317,24.7299495,містечко,,6307
Кореїз,44.4341131,34.0919813,містечко,,6294
Родакове,48.55923,39.02515,містечко,,6292
Доманівка,47.6322253,30.9892003,містечко,,6288
Чернігівка,47.19486,36.2075,містечко,,6282
Сколе,49.0378559,23.5140979,містечко,,6269
Велика Новосілка,47.8436751,36.8396472,містечко,,6265
Веселинове,47.356307,31.2367979,містечко,,6238
Благовіщенське,48.327711,30.2344886,містечко,,6236
Цумань,50.82962,25.88413,містечко,,6235
Брюховичі,49.9025343,23.9466945,містечко,,6223
Сутиски,49.0453739,28.418232,містечко,,6207
Недригайлів,50.8358991,33.8782826,містечко,,6186
Балабине,47.7472362,35.2169637,містечко,,6168
Чутове,49.7151879,35.1708927,містечко,,6147
Чорнухине,48.32783,38.50193,містечко,,6137
Монастириська,49.0908395,25.1717816,містечко,,6134
Муровані Курилівці,48.7130055,27.5355762,містечко,,6113
Калинопіль,48.94329,30.9723848,містечко,,6092
Остер,50.9508278,30.8782419,містечко,,6092
Старий Крим,47.1606073,37.4909237,містечко,,6069
Васищеве,49.835365,36.3312164,містечко,,6069
Партеніт,44.58183,34.34292,містечко,,6061
Побузьке,48.1632356,30.5949322,містечко,,6042
Великі Мости,50.240162,24.1385486,містечко,,6037
Печеніги,49.8654959,36.939812,містечко,,6033
Попільня,49.9452183,29.4592233,містечко,,6028
Опішня,49.9570715,34.6090906,містечко,,6003
Бессарабське,46.1821786,29.151948,містечко,,5986
Чорноморське,46.5849122,30.9334115,містечко,,5978
Мілове,49.38011,40.1255,містечко,,5975
Озерне,50.1808751,28.735195,містечко,,5968
Борівське,48.8709944,38.5605812,містечко,,5949
Аграрне,45.0160039,34.0487769,містечко,,5938
Маяки,46.416632,30.2750575,містечко,,5937
Добровеличківка,48.38791,31.17748,містечко,,5931
Новодонецьке,48.6342604,36.9819183,містечко,,5880
Козача Лопань,50.3295857,36.1921383,містечко,,5878
Кам’янець,48.3658045,32.6572986,містечко,,5863
Брошнів-Осада,48.9958991,24.1858656,містечко,,5863
Дніпровське,48.59733,34.42806,містечко,,5809
Моршин,49.1536011,23.8700537,містечко,,5793
Білики,49.259043,34.2690187,містечко,,5786
Зеленівка,46.7169962,32.6485255,містечко,,5785
Хутір-Михайлівський,52.0476694,33.9429257,містечко,,5771
Губиниха,48.8082927,35.2563381,містечко,,5768
Шкло,49.9492687,23.5446092,містечко,,5754
Велика Михайлівка,47.0775384,29.8509409,містечко,,5753
Чуднів,50.0524287,28.1153765,містечко,,5752
Гребінки,49.95346,30.1763499,містечко,,5736
Щирець,49.6465416,23.8571249,містечко,,5733
Залізне,48.3734757,37.8822759,містечко,,5720
Турійськ,51.08299,24.52389,містечко,,5697
Шишаки,49.8764366,34.0069282,містечко,,5671
Городківка,48.3805801,28.6870061,містечко,,5634
Любешів,51.7632795,25.5048264,містечко,,5627
Просяна,48.11909,36.36921,містечко,,5618
Димер,50.7863705,30.3036843,містечко,,5609
Ворзель,50.5457287,30.1562891,містечко,,5603
Есхар,49.7953242,36.5927206,містечко,,5602
Стара Синява,49.5971513,27.615815,містечко,,5581
Велика Багачка,49.7852778,33.7213889,містечко,,5580
Нова Борова,50.6933301,28.6396035,містечко,,5572
Куликівка,51.3735623,31.6455818,містечко,,5567
Степанівка,50.9417042,34.6422099,містечко,,5543
Томашпіль,48.5487589,28.5188146,містечко,,5522
Короп,51.5671394,32.9520532,містечко,,5505
Білогір’я,50.0019489,26.4166916,містечко,,5483
Пулини,50.4690331,28.270617,містечко,,5472
Городниця,50.80627,27.31407,містечко,,5470
Отинія,48.7344514,24.8637681,містечко,,5466
Братське,47.8641873,31.5747875,містечко,,5456
Вашківці,48.3820192,25.5174954,містечко,,5455
Згурівка,50.4950666,31.7691817,містечко,,5447
Верховина,48.1538102,24.82793,містечко,,5412
Рудки,49.6546113,23.4872178,містечко,,5408
Велика Писарівка,50.4253238,35.4838569,містечко,,5399
Окни,47.5399,29.45881,містечко,,5399
Чемерівці,49.0087176,26.3405624,містечко,,5399
Тепле,48.3097367,39.5652387,містечко,,5398
Шумськ,50.1183638,26.1186214,містечко,,5387
Піщанка,48.2077558,28.8864581,містечко,,5387
Шацьк,51.4909494,23.9219323,містечко,,5370
Гоща,50.60466,26.6827977,містечко,,5360
Липова Долина,50.5637857,33.7990004,містечко,,5348
Старомихайлівка,48.0001996,37.583087,містечко,,5337
Кирнасівка,48.5955284,28.9789685,містечко,,5334
Ялта,46.9589448,37.2776416,містечко,,5321
Сергіївка,46.02756,30.37273,містечко,,5275
Калинівка,50.2257254,30.2261781,містечко,,5260
Печеніжин,48.5132253,24.8803552,містечко,,5259
Новогуйвинське,50.206917,28.6918455,містечко,,5252
Верхній Рогачик,47.2569402,34.3339303,містечко,,5204
Чечельник,48.2126987,29.3598689,містечко,,5187
Знам’янка Друга,48.7129543,32.5904754,містечко,,5184
Захарівка,47.3316351,29.758089,містечко,,5174
Кача,44.7755079,33.5437538,містечко,Севастополь,5173
Стара Вижівка,51.4422955,24.438565,містечко,,5161
Лозівський,48.56747,38.88473,містечко,,5146
Донське,47.5159927,37.5375497,містечко,,5132
Сарата,46.0220664,29.6648751,містечко,,5084
Коротич,49.9517307,36.0395802,містечко,,5081
Розсипне,48.1303138,38.5664541,містечко,,5071
Талалаївка,50.83168,33.13442,містечко,,5055
Рогань,49.9035,36.479103,містечко,,5046
Брусилів,50.28305,29.51889,містечко,,5046
Новопокровка,49.8377053,36.5549759,містечко,,5027
Міусинськ,48.0903691,38.8930289,містечко,,4999
Клавдієво-Тарасове,50.58414,30.0095,містечко,,4995
Брацлав,48.8268749,28.9379724,містечко,,4994
Петропавлівка,48.80813,39.26685,містечко,,4981
Єланець,47.696378,31.8489152,містечко,,4969
Заозерне,45.1552262,33.274385,містечко,,4940
Петриківка,48.7222177,34.6232386,містечко,,4913
Березна,51.5778917,31.7902811,містечко,,4902
Рахни-Лісові,48.781792,28.480291,містечко,,4900
Вільшанка,48.235415,30.8745445,містечко,,4877
Олександрійське,48.6057989,32.9839052,містечко,,4876
Фащівка,48.27804,38.59909,містечко,,4845
Миропіль,50.1099029,27.697456,містечко,,4834
Комсомольське,45.0198964,34.0214674,містечко,,4787
Лужани,48.3580513,25.7690413,містечко,,4738
Ружин,49.7230517,29.2095565,містечко,,4712
Павлиш,48.9220443,33.3609377,містечко,,4699
Святогірськ,49.0355675,37.5653551,містечко,,4692
Браїлів,49.1092468,28.1594997,містечко,,4691
Катлабуг,45.5801731,28.9847107,містечко,,4665
Кринички,48.3747353,34.4569858,містечко,,4657
Буялик,46.9105097,30.7185695,містечко,,4647
Іванів,49.4852718,28.3424484,містечко,,4628
Хорошеве,49.8534152,36.2239739,містечко,,4620
Воскресенське,47.0171096,32.1465767,містечко,,4597
Красноріченське,49.2161675,38.2038682,містечко,,4595
Бойківське,47.4124746,38.0187455,містечко,,4577
Довбиш,50.371498,27.985924,містечко,,4571
Великий Любінь,49.7217329,23.7302119,містечко,,4550
Нижні Сірогози,46.8457,34.37725,містечко,,4544
Клесів,51.31233,26.88835,містечко,,4543
Добромиль,49.5710282,22.7851508,містечко,,4537
Кринична,48.1284978,38.0275521,містечко,,4520
Боромля,50.619511,34.967079,містечко,,4482
Компаніївка,48.2497235,32.2043672,містечко,,4478
Люблинець,51.18633,24.61933,містечко,,4477
Торчин,50.769734,25.010768,містечко,,4474
Новодар’ївка,48.0768164,39.4777098,містечко,,4460
Козельщина,49.2136111,33.8413889,містечко,,4434
Балаклея,49.2261544,31.7366283,містечко,,4433
Завалля,48.2167331,30.0199426,містечко,,4433
Дніпряни,46.7491957,33.2632062,містечко,,4431
Брилівка,46.4201722,33.1410545,містечко,,4416
Дворічна,49.8509377,37.682613,містечко,,4410
Зачепилівка,49.1954572,35.2408676,містечко,,4409
Шабельківка,48.7506398,37.4907836,містечко,,4408
Тошківка,48.7820095,38.5810738,містечко,,4406
Нова Ушиця,48.83062,27.26678,містечко,,4404
Алмазна,48.5248544,38.5840447,містечко,,4384
Єрки,48.98357,30.99449,містечко,,4360
Високопілля,47.4933112,33.528245,містечко,,4353
Аули,48.5432397,34.4546715,містечко,,4345
Кольчино,48.4706501,22.7526899,містечко,,4319
Заболоття,51.6308785,24.2387593,містечко,,4299
Вижниця,48.248441,25.1893807,містечко,,4285
Тиврів,49.0139727,28.507999,містечко,,4261
Скала-Подільська,48.846608,26.2016053,містечко,,4234
Лугини,51.07853,28.3976,містечко,,4220
Мирний,45.3080619,33.0357639,містечко,,4210
Лосинівка,50.8422398,31.9170092,містечко,,4200
Новий Калинів,49.5582869,23.3022432,містечко,,4191
Гніздичів,49.3373271,24.1081208,містечко,,4183
Кути,48.26268,25.18187,містечко,,4161
Сиваське,46.3826427,34.5356947,містечко,,4150
Пролісне,49.7154088,36.9345851,містечко,,4139
Голоби,51.0859784,25.015465,містечко,,4131
Талаківка,47.1929562,37.7253016,містечко,,4129
Березанка,46.8544054,31.3874915,містечко,,4118
Ворохта,48.2929828,24.5635786,містечко,,4108
Степань,51.1331321,26.3058758,містечко,,4108
Хирів,49.5335126,22.8500099,містечко,,4106
Шарівка,50.0186762,35.4416036,містечко,,4100
Криничне,47.9549674,39.7350331,містечко,,4097
Зідьки,49.6915,36.41384,містечко,,4087
Стіжківське,48.1184,38.4724,містечко,,4084
Дубівський,48.0808437,39.1490392,містечко,,4074
Старий Салтів,50.0718558,36.7861193,містечко,,4073
Великий Бурлук,50.0597043,37.3855052,містечко,,4072
Заболотів,48.466829,25.2830554,містечко,,4067
Верхнячка,48.829805,30.0417049,містечко,,4058
Софіївський,48.21625,38.87546,містечко,,4050
Білолуцьк,49.7017298,39.0250773,містечко,,4049
Черкаське,48.7061619,35.379844,містечко,,4046
Онуфріївка,48.9046489,33.4472744,містечко,,4043
Колки,51.0962777,25.6676021,містечко,,4035
Аджамка,48.550907,32.52924,містечко,,4010
Дашів,49.002801,29.4403131,містечко,,3989
Скалат,49.4247925,25.9775084,містечко,,3989
Оржиця,49.7875449,32.6997311,містечко,,3983
Вендичани,48.6095706,27.7881091,містечко,,3970
Куликів,49.9802537,24.0770707,містечко,,3963
Багерове,45.376,36.292,містечко,,3962
Оржів,50.7512011,26.1156401,містечко,,3961
Білий Колодязь,50.204914,37.1144832,містечко,,3953
Сімеїз,44.4059623,34.0050679,містечко,,3950
Чаплине,48.12836,36.22673,містечко,,3928
Солотвин,48.7054933,24.4235647,містечко,,3916
Орілька,48.97739,36.01662,містечко,,3909
Комарно,49.6260714,23.6969962,містечко,,3884
Рожнятів,48.9402225,24.1580976,містечко,,3883
Клекотина,48.7963173,28.2202716,містечко,,3872
Коломак,49.8436,35.31349,містечко,,3844
Клембівка,48.3825309,28.413526,містечко,,3842
Щотове,48.17367,39.12334,містечко,,3818
Терни,50.99407,33.98346,містечко,,3817
Азовське,45.586971,34.5655905,містечко,,3811
Козацьке,46.7854643,33.3503378,містечко,,3809
Цибулів,49.0754398,29.8455542,містечко,,3800
Стеблів,49.40002,31.09509,містечко,,3791
Низи,50.779922,34.779339,містечко,,3790
Машівка,49.4444597,34.8787816,містечко,,3786
Донецький,48.6963302,38.6738586,містечко,,3783
Бібрка,49.6375667,24.2973942,містечко,,3781
Ольшанське,47.18486,31.793865,містечко,,3775
Новосвітлівка,48.4899949,39.5071581,містечко,,3755
Локачі,50.738946,24.6482949,містечко,,3746
Джурин,48.681271,28.292053,містечко,,3734
Середнє,48.5413858,22.5043823,містечко,,3733
Микулинці,49.39968,25.60261,містечко,,3728
Малотаранівка,48.6675587,37.513494,містечко,,3713
Мельниця-Подільська,48.60626,26.16428,містечко,,3712
Жвирка,50.4660404,24.2616083,містечко,,3710
Яснозір’я,49.474923,31.6028633,містечко,,3695
Очеретине,48.2428705,37.6129934,містечко,,3686
Щербинівка,48.3943714,37.7901336,містечко,,3662
Скороходове,49.7726802,35.0715767,містечко,,3648
Кочеток,49.8720087,36.7254606,містечко,,3633
Райгородок,48.8978246,37.7273816,містечко,,3628
Борівка,48.506905,28.255505,містечко,,3626
Журавно,49.2577802,24.2858299,містечко,,3611
Гриців,49.9726651,27.2175036,містечко,,3607
Близнюки,48.85311,36.55186,містечко,,3557
Мізоч,50.3983189,26.141333,містечко,,3550
Затишшя,47.3350964,29.8781451,містечко,,3542
Устинівка,47.9576049,32.5361354,містечко,,3538
Розівка,47.3866992,37.0675861,містечко,,3537
Великі Сорочинці,50.023842,33.944321,містечко,,3533
Зайцеве,48.40087,38.02643,містечко,,3523
Славсько,48.84487,23.44482,містечко,,3508
Коропець,48.9331,25.17414,містечко,,3508
Рикове,46.3317946,34.7489507,містечко,,3501
Демидівка,50.4285969,25.3299118,містечко,,3500
Соборне,46.2314064,29.2026644,містечко,,3483
Малокатеринівка,47.6559845,35.2572534,містечко,,3473
Кирилівка,46.3717985,35.3696143,містечко,,3472
Глухівці,49.77356,28.72891,містечко,,3463
Вальянівське,48.0766253,39.5552825,містечко,,3446
Білоріченський,48.4445224,39.0973264,містечко,,3443
Щебетовка,44.9382816,35.1568474,містечко,,3434
Великі Бірки,49.5244111,25.7547038,містечко,,3429
Гірне,48.06081,38.1974,містечко,,3428
Вишнівець,49.9019379,25.7510822,містечко,,3424
Кобилецька Поляна,48.0566001,24.0641799,містечко,,3411
Южна Ломуватка,48.4378491,38.5320581,містечко,,3408
Мазурівка,48.534611,28.137651,містечко,,3390
Лопатин,50.2205052,24.844945,містечко,,3388
Товсте,48.84487,25.72586,містечко,,3384
Радушне,47.8226364,33.5014543,містечко,,3366
Підбуж,49.3315558,23.2509978,містечко,,3362
Новоселівське,45.4400925,33.5965762,містечко,,3362
Добрянка,52.063057,31.173548,містечко,,3360
Кириківка,50.3484654,35.1304379,містечко,,3356
Верхнє Синьовидне,49.1056276,23.5900267,містечко,,3348
Рафалівка,51.30718,26.00018,містечко,,3341
Путила,47.99515,25.08453,містечко,,3335
Сентянівка,48.669398,38.7601629,містечко,,3321
Меденичі,49.4299693,23.7495414,містечко,,3321
Вилок,48.111071,22.8378912,містечко,,3316
Гончарівське,51.2990164,30.9276044,містечко,,3312
Ольгинка,47.6976728,37.5003415,містечко,,3269
Зуївка,48.0624786,38.250382,містечко,,3269
П’ятипілля,48.0164708,38.0979234,містечко,,3263
Вільшана,49.2164667,31.2114781,містечко,,3256
Глиняни,49.8220371,24.5165092,містечко,,3242
Обертин,48.6983959,25.1712272,містечко,,3225
Булавинське,48.25298,38.3361,містечко,,3217
Лазурне,46.0861011,32.5275975,містечко,,3214
Велика Кісниця,48.1342392,28.4407677,містечко,,3212
Шалигине,51.575661,34.099838,містечко,,3203
Бугаївка,48.4080686,38.8494712,містечко,,3194
Калинове,48.5651752,38.516096,містечко,,3180
Ольховатка,48.2402552,38.4030646,містечко,,3179
Курахівка,48.02982,37.37171,містечко,,3166
Шипинці,48.3762699,25.7474941,містечко,,3160
Поштове,44.8347618,33.9622556,містечко,,3147
Олика,50.725417,25.8111941,містечко,,3127
Новоекономічне,48.32577,37.33223,містечко,,3098
Луків,51.2297317,24.3420795,містечко,,3088
Ков’яги,49.9155664,35.5505256,містечко,,3079
Юр’ївка,48.494937,38.9653011,містечко,,3075
Головне,51.336538,24.0785257,містечко,,3055
Дробишеве,49.0434703,37.7340668,містечко,,3047
Батьово,48.3637408,22.3994631,містечко,,3046
Нові Білокоровичі,51.115673,28.052204,містечко,,3034
Божедарівка,48.3601,34.11392,містечко,,3032
Дубов’язівка,51.132481,33.37846,містечко,,3016
Верхньоторецьке,48.22431,37.87502,містечко,,3008
Дзиґівка,48.353975,28.316277,містечко,,3003
Срібне,50.661573,32.9174152,містечко,,3000
Вишеньки,50.30434,30.71468,містечко,,2998
Ярунь,50.5466474,27.4620862,містечко,,2995
Красноторка,48.6799109,37.5210322,містечко,,2991
Єзупіль,49.0416938,24.7802375,містечко,,2978
Лисець,48.87028,24.61075,містечко,,2969
Підгайці,49.2680238,25.1361578,містечко,,2937
Чернівці,48.5406973,28.1221153,містечко,,2935
Шпиків,48.7860654,28.5647525,містечко,,2928
Михайло-Коцюбинське,51.4502116,31.0792876,містечко,,2927
Оратів,49.19472,29.53056,містечко,,2913
Ромодан,49.9910359,33.3264222,містечко,,2907
Новий Яричів,49.9071883,24.3026191,містечко,,2904
Холми,51.872562,32.595619,містечко,,2892
Левків,50.2370914,28.832007,містечко,,2886
Бишів,50.266571,29.88693,містечко,,2873
Коктебель,44.9633478,35.2381272,містечко,,2844
Лісові Гринівці,49.4682287,27.0205634,містечко,,2835
Линовиця,50.4641,32.396339,містечко,,2825
Глибочиця,50.2792524,28.7756002,містечко,,2817
Станіславчик,48.9690126,28.105856,містечко,,2813
Ведмеже,48.12836,39.59061,містечко,,2796
Первомайський,47.9727591,38.7883867,містечко,,2793
Мар’янівка,50.4540638,24.8071962,містечко,,2789
Ларине,47.88983,37.92884,містечко,,2789
Улянівка,50.974838,34.293819,містечко,,2777
Червоне,49.9528344,28.87532,містечко,,2763
Батурин,51.3413087,32.8778317,містечко,,2758
Кам’яне,48.16509,39.15253,містечко,,2758
Цебрикове,47.1470432,30.1054572,містечко,,2754
Уладівка,49.4999346,28.2276444,містечко,,2753
Войнилів,49.1303725,24.4995375,містечко,,2747
Пантаївка,48.6776501,32.8970803,містечко,,2744
Мурафа,48.7659332,28.2199439,містечко,,2739
Сєдове,47.0700428,38.160251,містечко,,2734
Чупахівка,50.379852,34.584534,містечко,,2732
Запитів,49.9171887,24.2004196,містечко,,2730
Кострижівка,48.6526572,25.7119191,містечко,,2728
Введенка,49.8250258,36.5060246,містечко,,2710
Залізці,49.8022871,25.3836982,містечко,,2706
Боково-Платове,48.1207675,39.0138312,містечко,,2702
Розділ,49.4607885,24.0626787,містечко,,2696
Корсунь,48.2044,38.0823,містечко,,2696
Бабинці,50.642412,30.0290694,містечко,,2688
Зарічне,49.0212883,37.9385185,містечко,,2688
Гоголеве,49.9230024,33.8226184,містечко,,2686
Урало-Кавказ,48.3075394,39.7966536,містечко,,2673
Орджонікідзе,44.9741051,35.361884,містечко,,2669
Кайгадор,44.9640797,35.3580294,містечко,,2669
Нова Галещина,49.1710646,33.7604079,містечко,,2658
Капітанівка,48.9138546,31.7095642,містечко,,2655
Смига,50.2382136,25.7629956,містечко,,2654
Приколотне,50.160627,37.3498729,містечко,,2654
Нижнє,48.77174,38.62141,містечко,,2651
Гродівка,48.26294,37.37892,містечко,,2628
Раухівка,47.1691588,30.8145604,містечко,,2603
Народичі,51.2024469,29.0808107,містечко,,2585
Асканія-Нова,46.4511096,33.8685565,містечко,,2585
Селезнівка,48.3980604,38.7904702,містечко,,2568
Красний Кут,48.20869,38.78826,містечко,,2563
Хотінь,51.0786763,34.78001,містечко,,2561
Парафіївка,50.8840075,32.6447189,містечко,,2557
Славгород,48.112648,35.5144248,містечко,,2554
Курилівка,48.57983,34.60075,містечко,,2551
Микуличі,50.5758173,30.0791575,містечко,,2543
Бабанка,48.7070412,30.4507396,містечко,,2541
Чорнухи,50.2733333,32.9383333,містечко,,2534
Кам’яний Брід,50.4181836,27.8381143,містечко,,2533
Юріївка,48.74599,36.01833,містечко,,2533
Вовковинці,49.2073568,27.6559732,містечко,,2529
Лихівка,48.68626,33.922,містечко,,2508
Старий Білоус,51.4940518,31.2130647,містечко,,2502
Комишня,50.1838006,33.679619,містечко,,2500
Тетерівка,50.237041,28.574751,містечко,,2498
Золотий Потік,48.90907,25.34271,містечко,,2480
Дмитрівка,50.9343619,32.9457499,містечко,,2471
Михайлівка,48.49228,38.90671,містечко,,2467
Нікіта,44.5158616,34.2379522,містечко,,2454
Неполоківці,48.40267,25.64758,містечко,,2438
Сатанів,49.2485345,26.2484407,містечко,,2413
Корнин,50.09697,29.54018,містечко,,2407
Макошине,51.459961,32.33963,містечко,,2404
Авіаторське,48.3681993,35.0823883,містечко,,2403
Антоніни,49.81029,26.86466,містечко,,2401
Залісне,48.03128,38.80981,містечко,,2399
Ситківці,48.9096415,29.2022653,містечко,,2398
Понорниця,51.720539,32.843971,містечко,,2385
Куйбишеве,44.6313455,33.8645453,містечко,,2368
Томашгород,51.30237,27.0686,містечко,,2362
Угроїди,50.8597669,35.2702982,містечко,,2360
Белз,50.3823942,24.0127629,містечко,,2359
Новотошківське,48.7244331,38.6293848,містечко,,2349
Стара Ушиця,48.5970533,27.0742366,містечко,,2338
Дашава,49.2609786,24.0046579,містечко,,2333
Комиш-Зоря,47.32944,36.70292,містечко,,2332
Сімейкине,48.3319257,39.5313577,містечко,,2329
Пеньківка,48.8956571,28.2624516,містечко,,2315
Бродецьке,49.7631513,28.6448603,містечко,,2302
Східниця,49.2275955,23.3502631,містечко,,2259
Аерофлотський,45.0195507,34.001051,містечко,,2254
Новоамвросіївське,47.8334921,38.5012053,містечко,,2254
Нижня Дуванка,49.58027,38.16582,містечко,,2244
Вищеольчедаїв,48.727112,27.68005,містечко,,2236
Вигода,48.9349502,23.9126266,містечко,,2225
Устилуг,50.8622192,24.1505139,містечко,,2205
Зноб-Новгородське,52.264019,33.598251,містечко,,2178
Мала Дівиця,50.6896318,32.18703,містечко,,2165
Ямпіль,48.9400784,37.9601051,містечко,,2149
Кленовий,48.11668,39.4622,містечко,,2142
Кожанка,49.9698433,29.7613918,містечко,,2141
Ясна Поляна,48.743929,37.5275786,містечко,,2140
Андріївка,48.11462,38.71719,містечко,,2135
Буки,49.091744,30.4026306,містечко,,2134
Підкамінь,49.9452145,25.318681,містечко,,2128
Більшівці,49.18373,24.74602,містечко,,2123
Головине,50.4751539,28.83489,містечко,,2109
Деражне,50.8624633,26.0492532,містечко,,2105
Шевченко,48.22191,37.14211,містечко,,2101
Герца,48.1505805,26.2589723,містечко,,2097
Олишівка,51.217918,31.32992,містечко,,2080
Ярова,49.0600325,37.6395032,містечко,,2079
Токарівка,47.3051332,31.0192041,містечко,,2077
Нагольно-Тарасівка,48.00133,39.47491,містечко,,2073
Любар,49.9231632,27.7487535,містечко,,2056
Немія,48.4666025,27.7652793,містечко,,2048
Гути,50.133117,35.3479209,містечко,,2043
Соснове,50.8266045,26.9950145,містечко,,2036
Вільне,45.56476,34.30172,містечко,,2036
Яблунів,48.405278,24.941667,містечко,,2032
Новооржицьке,50.028644,32.7260749,містечко,,2008
Цукурине,48.08433,37.3161,містечко,,2003
Прудянка,50.2397248,36.1704516,містечко,,2001
Форос,44.3915373,33.7872282,містечко,,1978
Немирів,50.1040701,23.4361338,містечко,,1973
Гримайлів,49.33205,26.00979,містечко,,1973
Магерів,50.1091053,23.6990788,містечко,,1968
Сєверний,48.3569694,39.9215954,містечко,,1954
Гвіздець,48.5787681,25.281836,містечко,,1931
Сердите,48.04047,38.39439,містечко,,1920
Архангельське,47.4318389,33.4053617,містечко,,1916
Смотрич,48.94993,26.55808,містечко,,1912
Дослідницьке,49.9239107,30.1438337,містечко,,1910
Чоповичі,50.830065,28.9474042,містечко,,1909
Дубище,50.9303182,25.3059552,містечко,,1897
Любеч,51.7004629,30.658659,містечко,,1890
Есмань,51.767231,34.06345,містечко,,1882
Ящикове,48.4154376,38.7504547,містечко,,1877
Замглай,51.812389,31.163109,містечко,,1871
Козлів,49.55658,25.33962,містечко,,1856
Нижанковичі,49.6759019,22.8079515,містечко,,1824
Дружба,49.36294,25.64552,містечко,,1813
Берестечко,50.3585756,25.1209852,містечко,,1796
Базалія,49.71382,26.47877,містечко,,1792
Серпневе,46.3040235,29.0183844,містечко,,1786
Голубівка,48.3907447,38.5339752,містечко,,1785
Старий Мерчик,49.9779591,35.7688777,містечко,,1779
Маломиколаївка,48.30929,39.01897,містечко,,1771
Попова Балка,47.8097609,38.2864617,містечко,,1767
Ізварине,48.2857545,39.891271,містечко,,1755
Верхній Нагольчик,48.0851769,39.0875186,містечко,,1748
Кундрюче,48.01712,39.59129,містечко,,1735
Удачне,48.23942,36.98273,містечко,,1733
Терезине,49.857403,30.111061,містечко,,1729
Чернелиця,48.8128655,25.4257481,містечко,,1718
Авдіївка,48.1338824,37.7466719,містечко,,1700
Березівка,49.9043196,36.0674414,містечко,,1695
Нижній Нагольчик,48.0202889,39.0598173,містечко,,1661
Вільча,50.247,36.93775,містечко,,1658
Олександрівське,48.27015,38.28564,містечко,,1648
Буджак,46.3023788,29.2422721,містечко,,1639
Південне,48.3646625,37.9062824,містечко,,1637
Затока,46.06396,30.45033,містечко,,1637
Новоолександрівка,48.26706,39.627,містечко,,1609
Сиротине,48.9155633,38.5116782,містечко,,1604
Лівадія,44.46648,34.14104,містечко,,1601
Водянське,48.4107019,37.1048855,містечко,,1576
Контарне,48.0894051,38.5106493,містечко,,1576
Христофорівка,47.9830902,33.0917112,містечко,,1556
Салькове,48.2622409,29.9844788,містечко,,1555
Наркевичі,49.5175956,26.6433166,містечко,,1553
Картушине,48.1366,39.24625,містечко,,1548
Холодне,48.02759,38.06265,містечко,,1522
Гранітне,50.7430394,29.3490335,містечко,,1513
Рокині,50.8330728,25.2707599,містечко,,1511
Олесько,49.9643248,24.8940853,містечко,,1510
Єсаулівка,48.0511915,39.0250361,містечко,,1506
Усть-Чорна,48.3249324,23.9348815,містечко,,1490
Кодра,50.591351,29.56284,містечко,,1485
Хрустальне,48.15102,38.85864,містечко,,1469
Бориня,49.0714844,23.0022472,містечко,,1462
Тернувате,47.82932,36.12682,містечко,,1461
Криничанське,48.5945087,38.7530254,містечко,,1444
Талове,48.311,39.66305,містечко,,1434
Букачівці,49.2620345,24.4962275,містечко,,1408
Новоселівка,49.07541,37.69735,містечко,,1392
Закупне,49.1205929,26.3381922,містечко,,1371
Поморяни,49.6363882,24.9318616,містечко,,1370
Чортомлик,47.6158584,34.1365194,містечко,,1368
Виноградне,44.479707,34.1308433,містечко,,1357
Сенкевичівка,50.527862,25.0280031,містечко,,1347
Утківка,49.7939996,36.0194803,містечко,,1339
Гайдамацьке,48.8005388,32.4035372,містечко,,1327
Врубівський,48.4277113,39.1090705,містечко,,1326
Штерівка,48.313812,38.9440074,містечко,,1323
Копайгород,48.85654,27.7985,містечко,,1323
Вергулівка,48.4008028,38.528781,містечко,,1321
Цвіткове,49.1543501,31.5300995,містечко,,1286
Дігтярі,50.581859,32.7699827,містечко,,1242
Копані,47.7603038,38.3379043,містечко,,1218
Благодатне,47.6992867,37.4193794,містечко,,1204
Манченки,49.9762698,35.8518407,містечко,,1192
Сєверо-Гундорівський,48.367849,39.8772137,містечко,,1177
Залізничне,47.6450359,36.1696004,містечко,,1177
Седнів,51.64209,31.562403,містечко,,1175
Рудниця,48.2571,28.9349,містечко,,1175
Великокам’янка,48.14175,39.4368,містечко,,1163
Гірницьке,48.00433,38.83349,містечко,,1158
Стара Сіль,49.4897328,22.966596,містечко,,1158
Письменне,48.202667,35.802086,містечко,,1147
Неліпівка,48.354466,37.8457066,містечко,,1128
Новоспаське,48.3874267,37.7827946,містечко,,1121
Жденієво,48.77243,22.9796199,містечко,,1112
Краковець,49.962085,23.1603219,містечко,,1106
Марія,48.4351608,39.1489049,містечко,,1083
Павлівка,48.13145,39.54048,містечко,,1065
Лісове,48.8429843,32.3315576,містечко,,1050
Райське,48.56987,37.46647,містечко,,1043
Врубівка,48.7388689,38.3865535,містечко,,1030
Краснокам’янка,44.5633144,34.2887068,містечко,,1024
Буран,48.29727,39.61464,містечко,,1023
Лозно-Олександрівка,49.83742,38.74226,містечко,,1000
Угнів,50.367231,23.7470971,містечко,,997
Білогорівка,48.924437,38.2472032,містечко,,976
Чорний Острів,49.5050201,26.756082,містечко,,949
Княгинівка,48.11359,38.85658,містечко,,946
Біла Криниця,50.63636,29.466003,містечко,,945
Запоріжжя,48.2571,38.72475,містечко,,940
Курдюмівка,48.4683008,37.9568757,містечко,,938
Горбачево-Михайлівка,47.8524445,38.0114775,містечко,,935
Вовчоярівка,48.8419048,38.3714519,містечко,,933
Війтівці,49.4932735,26.4448161,містечко,,922
Ломуватка,48.4514899,38.5628839,містечко,,920
Грушове,48.24543,38.80852,містечко,,919
Ореанда,44.4603,34.13692,містечко,,893
Лиманчук,48.0148985,38.8246797,містечко,,889
Байрачки,48.3900519,38.5966473,містечко,,867
Інгулецьке,48.4660363,33.1791567,містечко,,861
Нові Стрілища,49.5168643,24.403116,містечко,,856
Центральний,48.3476853,38.5729325,містечко,,847
Воронове,48.8977028,38.5730617,містечко,,839
Малорязанцеве,48.8848918,38.4000458,містечко,,838
Научний,44.7265841,34.0099096,містечко,,821
Бучмани,51.068932,28.042114,містечко,,731
Гостре,47.9935659,37.401683,містечко,,704
Метьолкіне,48.9294814,38.5556825,містечко,,699
Куликівське,48.1097333,38.54055,містечко,,696
Красна Гора,48.6626919,38.0156184,містечко,,686
Донецьке,48.93431,37.6904,містечко,,664
Красятичі,51.0782874,29.6377868,містечко,,660
Втішне,44.5056,34.215,містечко,,659
Бірки,49.68361,36.05232,містечко,,657
Великий Лог,48.25848,39.55593,містечко,,638
Грузько-Ломівка,47.90923,38.10548,містечко,,629
Колосникове,48.0456386,38.0611459,містечко,,611
Кацівелі,44.3972312,33.9724039,містечко,,609
Долосси,44.5310633,34.1885438,містечко,,579
Чорнобиль,51.2705477,30.2195609,містечко,,550
Побєда,47.97858,38.80843,містечко,,542
Первомайське,47.99446,38.77693,містечко,,501
Комишуваха,48.64025,37.45582,містечко,,497
Паркове,44.4056727,33.9117275,містечко,,495
Санаторне,44.4023267,33.8224464,містечко,,494
Сад,48.4279248,35.2398455,містечко,,474
Комишівка,48.18062,37.46895,містечко,,463
Восход,44.513,34.219,містечко,,448
Голуба Затока,44.407001,33.9871072,містечко,,441
Графське,47.6762795,37.4116117,містечко,,416
Олександрівка,48.7441375,37.4852491,містечко,,412
Курпати,44.4427352,34.132819,містечко,,411
Федорівка,48.3160483,38.8481322,містечко,,410
Мирне,48.28766,39.65309,містечко,,396
Новогригорівка,48.5760732,37.4194003,містечко,,391
Керамік,48.25307,37.68268,містечко,,385
Понизівка,44.3959988,33.9523786,містечко,,382
Мирна Долина,48.8083814,38.4783125,містечко,,355
Никифорове,48.00759,38.85418,містечко,,355
Прикордонне,48.2963278,39.9711995,містечко,,344
Мар’ївка,47.61509,34.6217,містечко,,338
Курортне,44.9143409,35.1882694,містечко,,326
Бражине,47.9961594,38.8266259,містечко,,312
Ганнівка,48.4836702,38.5499934,містечко,,274
Тацине,48.0691046,39.21226,містечко,,272
Глибокий,48.4745665,38.5864296,містечко,,221
Новомиколаївка,48.56335,37.37411,містечко,,100
мікрорайон 30 років Перемоги,48.0830613,38.6172174,містечко,,0
Черемхи,48.0299193,38.6222758,містечко,,0
Квартал 132,48.4348257,38.8388198,містечко,,0
"ОК ""Промінь Плюс""",50.7687791,29.2580035,містечко,,0
Слов'яносербськ,48.6979499,38.9792432,містечко,,0
Кінські Роздори,47.4138551,36.4128221,містечко,,0
Гадаї,49.0273406,29.5707953,містечко,,0
Зоря,45.9936077,29.6956154,містечко,,0
Албат,44.6303447,33.8686529,містечко,,0
М-рн. Гагарина,48.4713118,38.8158333,містечко,,0
Східний мікрорайон,48.4627026,38.8340728,містечко,,0
Молодіжний мікрорайон,48.4744665,38.8348247,містечко,,0
Центральний мікрорайон,48.4678395,38.8262182,містечко,,0
М-рн. Кірова,48.4674545,38.7902303,містечко,,0
Тельмана,48.4561758,38.8067467,містечко,,0
Балаклава,44.5090804,33.6028658,містечко,,0
Давидів,49.7459735,24.1422395,містечко,,0
Ірдинь,49.3677414,31.6763926,містечко,,0
Табаки,45.7177005,28.6112693,містечко,,0
Старе Село,49.7107184,24.185406,містечко,,0
П'яний Ріг,49.0782314,27.6812056,містечко,,0
Давидівка,44.9958422,34.0837873,містечко,,0
"ЖК ""Оксфорд""",48.5643706,39.3704777,містечко,,0
Голованівськ,48.3830259,30.4459836,містечко,,0
Старий УкрНІОЗ,46.6408505,32.5586764,містечко,,0
Velyka Mykhailivka,47.0795299,29.8524392,містечко,,0
"ЖК ""Лісова Казка""",50.4767145,30.671571,містечко,,0
Прип’ять,51.4059655,30.0573963,містечко,,0
Верхня резиденція,48.3532342,24.4110562,містечко,,0
Нижня резиденція,48.356584,24.4112507,містечко,,0
Окремий хутір,48.2178627,22.6390571,містечко,,0
мікрорайон Промінь,48.1424405,23.0309528,містечко,,0
Журавлиний масив,48.5905225,22.2747561,містечко,,0
Піка фалва,48.12806,22.7034987,містечко,,0
Військове містечко 161,50.4905415,30.7328881,містечко,,0
Окремий Хутір,48.4300588,22.3910202,містечко,,0
